{
  "near_0.15m": {
    "mc_rms_mm": 0.005505854593948931,
    "crlb_mm": 0.00538062931990941,
    "ratio": 1.0232733508655134
  },
  "mid_0.30m": {
    "mc_rms_mm": 0.08656277712453164,
    "crlb_mm": 0.08609006911802804,
    "ratio": 1.0054908540711651
  },
  "far_0.50m": {
    "mc_rms_mm": 0.6879387322081599,
    "crlb_mm": 0.6642752245853367,
    "ratio": 1.0356230471151393
  }
}